{
  "id": "3746093",
  "name": "guanfang.icon",
  "font_family": "iconfont",
  "css_prefix_text": "icon-",
  "description": "",
  "glyphs": [
    {
      "icon_id": "15838502",
      "name": "loading",
      "font_class": "loading",
      "unicode": "e6b3",
      "unicode_decimal": 59059
    },
    {
      "icon_id": "15838503",
      "name": "help",
      "font_class": "help",
      "unicode": "e6b4",
      "unicode_decimal": 59060
    },
    {
      "icon_id": "15838504",
      "name": "minus-circle",
      "font_class": "minus-circle",
      "unicode": "e6b5",
      "unicode_decimal": 59061
    },
    {
      "icon_id": "15838505",
      "name": "modular",
      "font_class": "modular",
      "unicode": "e6b6",
      "unicode_decimal": 59062
    },
    {
      "icon_id": "15838506",
      "name": "notification",
      "font_class": "notification",
      "unicode": "e6b7",
      "unicode_decimal": 59063
    },
    {
      "icon_id": "15838507",
      "name": "mic",
      "font_class": "mic",
      "unicode": "e6b8",
      "unicode_decimal": 59064
    },
    {
      "icon_id": "15838508",
      "name": "more",
      "font_class": "more",
      "unicode": "e6b9",
      "unicode_decimal": 59065
    },
    {
      "icon_id": "15838509",
      "name": "pad",
      "font_class": "pad",
      "unicode": "e6ba",
      "unicode_decimal": 59066
    },
    {
      "icon_id": "15838510",
      "name": "operation",
      "font_class": "operation",
      "unicode": "e6bb",
      "unicode_decimal": 59067
    },
    {
      "icon_id": "15838511",
      "name": "play",
      "font_class": "play",
      "unicode": "e6bc",
      "unicode_decimal": 59068
    },
    {
      "icon_id": "15838512",
      "name": "print",
      "font_class": "print",
      "unicode": "e6bd",
      "unicode_decimal": 59069
    },
    {
      "icon_id": "15838513",
      "name": "mobile-phone",
      "font_class": "mobile-phone",
      "unicode": "e6be",
      "unicode_decimal": 59070
    },
    {
      "icon_id": "15838514",
      "name": "minus",
      "font_class": "minus",
      "unicode": "e6bf",
      "unicode_decimal": 59071
    },
    {
      "icon_id": "15838515",
      "name": "navigation",
      "font_class": "navigation",
      "unicode": "e6c0",
      "unicode_decimal": 59072
    },
    {
      "icon_id": "15838516",
      "name": "pdf",
      "font_class": "pdf",
      "unicode": "e6c1",
      "unicode_decimal": 59073
    },
    {
      "icon_id": "15838517",
      "name": "prompt",
      "font_class": "prompt",
      "unicode": "e6c2",
      "unicode_decimal": 59074
    },
    {
      "icon_id": "15838518",
      "name": "move",
      "font_class": "move",
      "unicode": "e6c3",
      "unicode_decimal": 59075
    },
    {
      "icon_id": "15838519",
      "name": "refresh",
      "font_class": "refresh",
      "unicode": "e6c4",
      "unicode_decimal": 59076
    },
    {
      "icon_id": "15838520",
      "name": "run-up",
      "font_class": "run-up",
      "unicode": "e6c5",
      "unicode_decimal": 59077
    },
    {
      "icon_id": "15838521",
      "name": "picture",
      "font_class": "picture",
      "unicode": "e6c6",
      "unicode_decimal": 59078
    },
    {
      "icon_id": "15838522",
      "name": "run-in",
      "font_class": "run-in",
      "unicode": "e6c7",
      "unicode_decimal": 59079
    },
    {
      "icon_id": "15838523",
      "name": "pin",
      "font_class": "pin",
      "unicode": "e6c8",
      "unicode_decimal": 59080
    },
    {
      "icon_id": "15838524",
      "name": "save",
      "font_class": "save",
      "unicode": "e6c9",
      "unicode_decimal": 59081
    },
    {
      "icon_id": "15838525",
      "name": "search",
      "font_class": "search",
      "unicode": "e6ca",
      "unicode_decimal": 59082
    },
    {
      "icon_id": "15838526",
      "name": "share",
      "font_class": "share",
      "unicode": "e6cb",
      "unicode_decimal": 59083
    },
    {
      "icon_id": "15838527",
      "name": "scanning",
      "font_class": "scanning",
      "unicode": "e6cc",
      "unicode_decimal": 59084
    },
    {
      "icon_id": "15838528",
      "name": "security",
      "font_class": "security",
      "unicode": "e6cd",
      "unicode_decimal": 59085
    },
    {
      "icon_id": "15838529",
      "name": "sign-out",
      "font_class": "sign-out",
      "unicode": "e6ce",
      "unicode_decimal": 59086
    },
    {
      "icon_id": "15838530",
      "name": "select",
      "font_class": "select",
      "unicode": "e6cf",
      "unicode_decimal": 59087
    },
    {
      "icon_id": "15838531",
      "name": "stop",
      "font_class": "stop",
      "unicode": "e6d0",
      "unicode_decimal": 59088
    },
    {
      "icon_id": "15838532",
      "name": "success",
      "font_class": "success",
      "unicode": "e6d1",
      "unicode_decimal": 59089
    },
    {
      "icon_id": "15838533",
      "name": "smile",
      "font_class": "smile",
      "unicode": "e6d2",
      "unicode_decimal": 59090
    },
    {
      "icon_id": "15838534",
      "name": "switch",
      "font_class": "switch",
      "unicode": "e6d3",
      "unicode_decimal": 59091
    },
    {
      "icon_id": "15838535",
      "name": "setting",
      "font_class": "setting",
      "unicode": "e6d4",
      "unicode_decimal": 59092
    },
    {
      "icon_id": "15838536",
      "name": "survey",
      "font_class": "survey",
      "unicode": "e6d5",
      "unicode_decimal": 59093
    },
    {
      "icon_id": "15838537",
      "name": "task",
      "font_class": "task",
      "unicode": "e6d6",
      "unicode_decimal": 59094
    },
    {
      "icon_id": "15838538",
      "name": "skip",
      "font_class": "skip",
      "unicode": "e6d7",
      "unicode_decimal": 59095
    },
    {
      "icon_id": "15838539",
      "name": "text",
      "font_class": "text",
      "unicode": "e6d8",
      "unicode_decimal": 59096
    },
    {
      "icon_id": "15838540",
      "name": "time",
      "font_class": "time",
      "unicode": "e6d9",
      "unicode_decimal": 59097
    },
    {
      "icon_id": "15838541",
      "name": "telephone-out",
      "font_class": "telephone-out",
      "unicode": "e6da",
      "unicode_decimal": 59098
    },
    {
      "icon_id": "15838542",
      "name": "toggle-left",
      "font_class": "toggle-left",
      "unicode": "e6db",
      "unicode_decimal": 59099
    },
    {
      "icon_id": "15838543",
      "name": "toggle-right",
      "font_class": "toggle-right",
      "unicode": "e6dc",
      "unicode_decimal": 59100
    },
    {
      "icon_id": "15838544",
      "name": "telephone",
      "font_class": "telephone",
      "unicode": "e6dd",
      "unicode_decimal": 59101
    },
    {
      "icon_id": "15838545",
      "name": "top",
      "font_class": "top",
      "unicode": "e6de",
      "unicode_decimal": 59102
    },
    {
      "icon_id": "15838546",
      "name": "unlock",
      "font_class": "unlock",
      "unicode": "e6df",
      "unicode_decimal": 59103
    },
    {
      "icon_id": "15838547",
      "name": "user",
      "font_class": "user",
      "unicode": "e6e0",
      "unicode_decimal": 59104
    },
    {
      "icon_id": "15838548",
      "name": "upload",
      "font_class": "upload",
      "unicode": "e6e1",
      "unicode_decimal": 59105
    },
    {
      "icon_id": "15838549",
      "name": "work",
      "font_class": "work",
      "unicode": "e6e2",
      "unicode_decimal": 59106
    },
    {
      "icon_id": "15838550",
      "name": "training",
      "font_class": "training",
      "unicode": "e6e3",
      "unicode_decimal": 59107
    },
    {
      "icon_id": "15838551",
      "name": "warning",
      "font_class": "warning",
      "unicode": "e6e4",
      "unicode_decimal": 59108
    },
    {
      "icon_id": "15838552",
      "name": "zoom-in",
      "font_class": "zoom-in",
      "unicode": "e6e5",
      "unicode_decimal": 59109
    },
    {
      "icon_id": "15838554",
      "name": "zoom-out",
      "font_class": "zoom-out",
      "unicode": "e6e6",
      "unicode_decimal": 59110
    },
    {
      "icon_id": "15838560",
      "name": "add-bold",
      "font_class": "add-bold",
      "unicode": "e6e7",
      "unicode_decimal": 59111
    },
    {
      "icon_id": "15838561",
      "name": "arrow-left-bold",
      "font_class": "arrow-left-bold",
      "unicode": "e6e8",
      "unicode_decimal": 59112
    },
    {
      "icon_id": "15838562",
      "name": "arrow-up-bold",
      "font_class": "arrow-up-bold",
      "unicode": "e6e9",
      "unicode_decimal": 59113
    },
    {
      "icon_id": "15838563",
      "name": "close-bold",
      "font_class": "close-bold",
      "unicode": "e6ea",
      "unicode_decimal": 59114
    },
    {
      "icon_id": "15838564",
      "name": "arrow-down-bold",
      "font_class": "arrow-down-bold",
      "unicode": "e6eb",
      "unicode_decimal": 59115
    },
    {
      "icon_id": "15838565",
      "name": "minus-bold",
      "font_class": "minus-bold",
      "unicode": "e6ec",
      "unicode_decimal": 59116
    },
    {
      "icon_id": "15838566",
      "name": "arrow-right-bold",
      "font_class": "arrow-right-bold",
      "unicode": "e6ed",
      "unicode_decimal": 59117
    },
    {
      "icon_id": "15838567",
      "name": "select-bold",
      "font_class": "select-bold",
      "unicode": "e6ee",
      "unicode_decimal": 59118
    },
    {
      "icon_id": "15838581",
      "name": "arrow-up-filling",
      "font_class": "arrow-up-filling",
      "unicode": "e6ef",
      "unicode_decimal": 59119
    },
    {
      "icon_id": "15838582",
      "name": "arrow-down-filling",
      "font_class": "arrow-down-filling",
      "unicode": "e6f0",
      "unicode_decimal": 59120
    },
    {
      "icon_id": "15838583",
      "name": "arrow-left-filling",
      "font_class": "arrow-left-filling",
      "unicode": "e6f1",
      "unicode_decimal": 59121
    },
    {
      "icon_id": "15838584",
      "name": "arrow-right-filling",
      "font_class": "arrow-right-filling",
      "unicode": "e6f2",
      "unicode_decimal": 59122
    },
    {
      "icon_id": "15838585",
      "name": "caps-unlock-filling",
      "font_class": "caps-unlock-filling",
      "unicode": "e6f3",
      "unicode_decimal": 59123
    },
    {
      "icon_id": "15838586",
      "name": "comment-filling",
      "font_class": "comment-filling",
      "unicode": "e6f4",
      "unicode_decimal": 59124
    },
    {
      "icon_id": "15838587",
      "name": "check-item-filling",
      "font_class": "check-item-filling",
      "unicode": "e6f5",
      "unicode_decimal": 59125
    },
    {
      "icon_id": "15838588",
      "name": "clock-filling",
      "font_class": "clock-filling",
      "unicode": "e6f6",
      "unicode_decimal": 59126
    },
    {
      "icon_id": "15838589",
      "name": "delete-filling",
      "font_class": "delete-filling",
      "unicode": "e6f7",
      "unicode_decimal": 59127
    },
    {
      "icon_id": "15838590",
      "name": "decline-filling",
      "font_class": "decline-filling",
      "unicode": "e6f8",
      "unicode_decimal": 59128
    },
    {
      "icon_id": "15838591",
      "name": "dynamic-filling",
      "font_class": "dynamic-filling",
      "unicode": "e6f9",
      "unicode_decimal": 59129
    },
    {
      "icon_id": "15838592",
      "name": "intermediate-filling",
      "font_class": "intermediate-filling",
      "unicode": "e6fa",
      "unicode_decimal": 59130
    },
    {
      "icon_id": "15838593",
      "name": "favorite-filling",
      "font_class": "favorite-filling",
      "unicode": "e6fb",
      "unicode_decimal": 59131
    },
    {
      "icon_id": "15838594",
      "name": "layout-filling",
      "font_class": "layout-filling",
      "unicode": "e6fc",
      "unicode_decimal": 59132
    },
    {
      "icon_id": "15838595",
      "name": "help-filling",
      "font_class": "help-filling",
      "unicode": "e6fd",
      "unicode_decimal": 59133
    },
    {
      "icon_id": "15838596",
      "name": "history-filling",
      "font_class": "history-filling",
      "unicode": "e6fe",
      "unicode_decimal": 59134
    },
    {
      "icon_id": "15838597",
      "name": "filter-filling",
      "font_class": "filter-filling",
      "unicode": "e6ff",
      "unicode_decimal": 59135
    },
    {
      "icon_id": "15838598",
      "name": "file-common-filling",
      "font_class": "file-common-filling",
      "unicode": "e700",
      "unicode_decimal": 59136
    },
    {
      "icon_id": "15838599",
      "name": "news-filling",
      "font_class": "news-filling",
      "unicode": "e701",
      "unicode_decimal": 59137
    },
    {
      "icon_id": "15838600",
      "name": "edit-filling",
      "font_class": "edit-filling",
      "unicode": "e702",
      "unicode_decimal": 59138
    },
    {
      "icon_id": "15838601",
      "name": "fullscreen-expand-filling",
      "font_class": "fullscreen-expand-filling",
      "unicode": "e703",
      "unicode_decimal": 59139
    },
    {
      "icon_id": "15838602",
      "name": "smile-filling",
      "font_class": "smile-filling",
      "unicode": "e704",
      "unicode_decimal": 59140
    },
    {
      "icon_id": "15838603",
      "name": "rise-filling",
      "font_class": "rise-filling",
      "unicode": "e705",
      "unicode_decimal": 59141
    },
    {
      "icon_id": "15838604",
      "name": "picture-filling",
      "font_class": "picture-filling",
      "unicode": "e706",
      "unicode_decimal": 59142
    },
    {
      "icon_id": "15838605",
      "name": "notification-filling",
      "font_class": "notification-filling",
      "unicode": "e707",
      "unicode_decimal": 59143
    },
    {
      "icon_id": "15838606",
      "name": "user-filling",
      "font_class": "user-filling",
      "unicode": "e708",
      "unicode_decimal": 59144
    },
    {
      "icon_id": "15838607",
      "name": "setting-filling",
      "font_class": "setting-filling",
      "unicode": "e709",
      "unicode_decimal": 59145
    },
    {
      "icon_id": "15838608",
      "name": "switch-filling",
      "font_class": "switch-filling",
      "unicode": "e70a",
      "unicode_decimal": 59146
    },
    {
      "icon_id": "15838609",
      "name": "work-filling",
      "font_class": "work-filling",
      "unicode": "e70b",
      "unicode_decimal": 59147
    },
    {
      "icon_id": "15838610",
      "name": "task-filling",
      "font_class": "task-filling",
      "unicode": "e70c",
      "unicode_decimal": 59148
    },
    {
      "icon_id": "15838611",
      "name": "success-filling",
      "font_class": "success-filling",
      "unicode": "e70d",
      "unicode_decimal": 59149
    },
    {
      "icon_id": "15838612",
      "name": "warning-filling",
      "font_class": "warning-filling",
      "unicode": "e70e",
      "unicode_decimal": 59150
    },
    {
      "icon_id": "15838613",
      "name": "folder-filling",
      "font_class": "folder-filling",
      "unicode": "e70f",
      "unicode_decimal": 59151
    },
    {
      "icon_id": "15838614",
      "name": "map-filling",
      "font_class": "map-filling",
      "unicode": "e710",
      "unicode_decimal": 59152
    },
    {
      "icon_id": "15838615",
      "name": "prompt-filling",
      "font_class": "prompt-filling",
      "unicode": "e711",
      "unicode_decimal": 59153
    },
    {
      "icon_id": "15838616",
      "name": "meh-filling",
      "font_class": "meh-filling",
      "unicode": "e712",
      "unicode_decimal": 59154
    },
    {
      "icon_id": "15838617",
      "name": "cry-filling",
      "font_class": "cry-filling",
      "unicode": "e713",
      "unicode_decimal": 59155
    },
    {
      "icon_id": "15838618",
      "name": "top-filling",
      "font_class": "top-filling",
      "unicode": "e714",
      "unicode_decimal": 59156
    },
    {
      "icon_id": "15838619",
      "name": "home-filling",
      "font_class": "home-filling",
      "unicode": "e715",
      "unicode_decimal": 59157
    },
    {
      "icon_id": "15838620",
      "name": "sorting",
      "font_class": "sorting",
      "unicode": "e716",
      "unicode_decimal": 59158
    },
    {
      "icon_id": "15838406",
      "name": "column-3",
      "font_class": "3column",
      "unicode": "e663",
      "unicode_decimal": 58979
    },
    {
      "icon_id": "15838423",
      "name": "column-4",
      "font_class": "column-4",
      "unicode": "e664",
      "unicode_decimal": 58980
    },
    {
      "icon_id": "15838424",
      "name": "add",
      "font_class": "add",
      "unicode": "e665",
      "unicode_decimal": 58981
    },
    {
      "icon_id": "15838425",
      "name": "add-circle",
      "font_class": "add-circle",
      "unicode": "e666",
      "unicode_decimal": 58982
    },
    {
      "icon_id": "15838426",
      "name": "adjust",
      "font_class": "adjust",
      "unicode": "e667",
      "unicode_decimal": 58983
    },
    {
      "icon_id": "15838427",
      "name": "arrow-up-circle",
      "font_class": "arrow-up-circle",
      "unicode": "e668",
      "unicode_decimal": 58984
    },
    {
      "icon_id": "15838428",
      "name": "arrow-right-circle",
      "font_class": "arrow-right-circle",
      "unicode": "e669",
      "unicode_decimal": 58985
    },
    {
      "icon_id": "15838429",
      "name": "arrow-down",
      "font_class": "arrow-down",
      "unicode": "e66a",
      "unicode_decimal": 58986
    },
    {
      "icon_id": "15838430",
      "name": "ashbin",
      "font_class": "ashbin",
      "unicode": "e66b",
      "unicode_decimal": 58987
    },
    {
      "icon_id": "15838431",
      "name": "arrow-right",
      "font_class": "arrow-right",
      "unicode": "e66c",
      "unicode_decimal": 58988
    },
    {
      "icon_id": "15838432",
      "name": "browse",
      "font_class": "browse",
      "unicode": "e66d",
      "unicode_decimal": 58989
    },
    {
      "icon_id": "15838433",
      "name": "bottom",
      "font_class": "bottom",
      "unicode": "e66e",
      "unicode_decimal": 58990
    },
    {
      "icon_id": "15838434",
      "name": "back",
      "font_class": "back",
      "unicode": "e66f",
      "unicode_decimal": 58991
    },
    {
      "icon_id": "15838435",
      "name": "bad",
      "font_class": "bad",
      "unicode": "e670",
      "unicode_decimal": 58992
    },
    {
      "icon_id": "15838436",
      "name": "arrow-double-left",
      "font_class": "arrow-double-left",
      "unicode": "e671",
      "unicode_decimal": 58993
    },
    {
      "icon_id": "15838437",
      "name": "arrow-left-circle",
      "font_class": "arrow-left-circle",
      "unicode": "e672",
      "unicode_decimal": 58994
    },
    {
      "icon_id": "15838438",
      "name": "arrow-double-right",
      "font_class": "arrow-double-right",
      "unicode": "e673",
      "unicode_decimal": 58995
    },
    {
      "icon_id": "15838439",
      "name": "caps-lock",
      "font_class": "caps-lock",
      "unicode": "e674",
      "unicode_decimal": 58996
    },
    {
      "icon_id": "15838440",
      "name": "camera",
      "font_class": "camera",
      "unicode": "e675",
      "unicode_decimal": 58997
    },
    {
      "icon_id": "15838441",
      "name": "chart-bar",
      "font_class": "chart-bar",
      "unicode": "e676",
      "unicode_decimal": 58998
    },
    {
      "icon_id": "15838442",
      "name": "attachment",
      "font_class": "attachment",
      "unicode": "e677",
      "unicode_decimal": 58999
    },
    {
      "icon_id": "15838443",
      "name": "code",
      "font_class": "code",
      "unicode": "e678",
      "unicode_decimal": 59000
    },
    {
      "icon_id": "15838444",
      "name": "close",
      "font_class": "close",
      "unicode": "e679",
      "unicode_decimal": 59001
    },
    {
      "icon_id": "15838445",
      "name": "check-item",
      "font_class": "check-item",
      "unicode": "e67a",
      "unicode_decimal": 59002
    },
    {
      "icon_id": "15838446",
      "name": "calendar",
      "font_class": "calendar",
      "unicode": "e67b",
      "unicode_decimal": 59003
    },
    {
      "icon_id": "15838447",
      "name": "comment",
      "font_class": "comment",
      "unicode": "e67c",
      "unicode_decimal": 59004
    },
    {
      "icon_id": "15838448",
      "name": "column-vertical",
      "font_class": "column-vertical",
      "unicode": "e67d",
      "unicode_decimal": 59005
    },
    {
      "icon_id": "15838449",
      "name": "column-horizontal",
      "font_class": "column-horizontal",
      "unicode": "e67e",
      "unicode_decimal": 59006
    },
    {
      "icon_id": "15838450",
      "name": "complete",
      "font_class": "complete",
      "unicode": "e67f",
      "unicode_decimal": 59007
    },
    {
      "icon_id": "15838451",
      "name": "chart-pie",
      "font_class": "chart-pie",
      "unicode": "e680",
      "unicode_decimal": 59008
    },
    {
      "icon_id": "15838452",
      "name": "cry",
      "font_class": "cry",
      "unicode": "e681",
      "unicode_decimal": 59009
    },
    {
      "icon_id": "15838453",
      "name": "customer-service",
      "font_class": "customer-service",
      "unicode": "e682",
      "unicode_decimal": 59010
    },
    {
      "icon_id": "15838454",
      "name": "delete",
      "font_class": "delete",
      "unicode": "e683",
      "unicode_decimal": 59011
    },
    {
      "icon_id": "15838455",
      "name": "direction-down",
      "font_class": "direction-down",
      "unicode": "e684",
      "unicode_decimal": 59012
    },
    {
      "icon_id": "15838456",
      "name": "copy",
      "font_class": "copy",
      "unicode": "e685",
      "unicode_decimal": 59013
    },
    {
      "icon_id": "15838457",
      "name": "cut",
      "font_class": "cut",
      "unicode": "e686",
      "unicode_decimal": 59014
    },
    {
      "icon_id": "15838458",
      "name": "data-view",
      "font_class": "data-view",
      "unicode": "e687",
      "unicode_decimal": 59015
    },
    {
      "icon_id": "15838459",
      "name": "direction-down-circle",
      "font_class": "direction-down-circle",
      "unicode": "e688",
      "unicode_decimal": 59016
    },
    {
      "icon_id": "15838460",
      "name": "direction-right",
      "font_class": "direction-right",
      "unicode": "e689",
      "unicode_decimal": 59017
    },
    {
      "icon_id": "15838461",
      "name": "direction-up",
      "font_class": "direction-up",
      "unicode": "e68a",
      "unicode_decimal": 59018
    },
    {
      "icon_id": "15838462",
      "name": "discount",
      "font_class": "discount",
      "unicode": "e68b",
      "unicode_decimal": 59019
    },
    {
      "icon_id": "15838463",
      "name": "direction-left",
      "font_class": "direction-left",
      "unicode": "e68c",
      "unicode_decimal": 59020
    },
    {
      "icon_id": "15838464",
      "name": "download",
      "font_class": "download",
      "unicode": "e68d",
      "unicode_decimal": 59021
    },
    {
      "icon_id": "15838465",
      "name": "electronics",
      "font_class": "electronics",
      "unicode": "e68e",
      "unicode_decimal": 59022
    },
    {
      "icon_id": "15838466",
      "name": "drag",
      "font_class": "drag",
      "unicode": "e68f",
      "unicode_decimal": 59023
    },
    {
      "icon_id": "15838467",
      "name": "elipsis",
      "font_class": "elipsis",
      "unicode": "e690",
      "unicode_decimal": 59024
    },
    {
      "icon_id": "15838468",
      "name": "export",
      "font_class": "export",
      "unicode": "e691",
      "unicode_decimal": 59025
    },
    {
      "icon_id": "15838469",
      "name": "explain",
      "font_class": "explain",
      "unicode": "e692",
      "unicode_decimal": 59026
    },
    {
      "icon_id": "15838470",
      "name": "edit",
      "font_class": "edit",
      "unicode": "e693",
      "unicode_decimal": 59027
    },
    {
      "icon_id": "15838471",
      "name": "eye-close",
      "font_class": "eye-close",
      "unicode": "e694",
      "unicode_decimal": 59028
    },
    {
      "icon_id": "15838472",
      "name": "email",
      "font_class": "email",
      "unicode": "e695",
      "unicode_decimal": 59029
    },
    {
      "icon_id": "15838473",
      "name": "error",
      "font_class": "error",
      "unicode": "e696",
      "unicode_decimal": 59030
    },
    {
      "icon_id": "15838474",
      "name": "favorite",
      "font_class": "favorite",
      "unicode": "e697",
      "unicode_decimal": 59031
    },
    {
      "icon_id": "15838475",
      "name": "file-common",
      "font_class": "file-common",
      "unicode": "e698",
      "unicode_decimal": 59032
    },
    {
      "icon_id": "15838476",
      "name": "file-delete",
      "font_class": "file-delete",
      "unicode": "e699",
      "unicode_decimal": 59033
    },
    {
      "icon_id": "15838477",
      "name": "file-add",
      "font_class": "file-add",
      "unicode": "e69a",
      "unicode_decimal": 59034
    },
    {
      "icon_id": "15838478",
      "name": "film",
      "font_class": "film",
      "unicode": "e69b",
      "unicode_decimal": 59035
    },
    {
      "icon_id": "15838479",
      "name": "fabulous",
      "font_class": "fabulous",
      "unicode": "e69c",
      "unicode_decimal": 59036
    },
    {
      "icon_id": "15838480",
      "name": "file",
      "font_class": "file",
      "unicode": "e69d",
      "unicode_decimal": 59037
    },
    {
      "icon_id": "15838481",
      "name": "folder-close",
      "font_class": "folder-close",
      "unicode": "e69e",
      "unicode_decimal": 59038
    },
    {
      "icon_id": "15838482",
      "name": "filter",
      "font_class": "filter",
      "unicode": "e69f",
      "unicode_decimal": 59039
    },
    {
      "icon_id": "15838483",
      "name": "good",
      "font_class": "good",
      "unicode": "e6a0",
      "unicode_decimal": 59040
    },
    {
      "icon_id": "15838484",
      "name": "hide",
      "font_class": "hide",
      "unicode": "e6a1",
      "unicode_decimal": 59041
    },
    {
      "icon_id": "15838485",
      "name": "home",
      "font_class": "home",
      "unicode": "e6a2",
      "unicode_decimal": 59042
    },
    {
      "icon_id": "15838486",
      "name": "history",
      "font_class": "history",
      "unicode": "e6a3",
      "unicode_decimal": 59043
    },
    {
      "icon_id": "15838487",
      "name": "file-open",
      "font_class": "file-open",
      "unicode": "e6a4",
      "unicode_decimal": 59044
    },
    {
      "icon_id": "15838488",
      "name": "forward",
      "font_class": "forward",
      "unicode": "e6a5",
      "unicode_decimal": 59045
    },
    {
      "icon_id": "15838489",
      "name": "import",
      "font_class": "import",
      "unicode": "e6a6",
      "unicode_decimal": 59046
    },
    {
      "icon_id": "15838490",
      "name": "image-text",
      "font_class": "image-text",
      "unicode": "e6a7",
      "unicode_decimal": 59047
    },
    {
      "icon_id": "15838491",
      "name": "keyboard-26",
      "font_class": "keyboard-26",
      "unicode": "e6a8",
      "unicode_decimal": 59048
    },
    {
      "icon_id": "15838492",
      "name": "keyboard-9",
      "font_class": "keyboard-9",
      "unicode": "e6a9",
      "unicode_decimal": 59049
    },
    {
      "icon_id": "15838493",
      "name": "link",
      "font_class": "link",
      "unicode": "e6aa",
      "unicode_decimal": 59050
    },
    {
      "icon_id": "15838494",
      "name": "layout",
      "font_class": "layout",
      "unicode": "e6ab",
      "unicode_decimal": 59051
    },
    {
      "icon_id": "15838495",
      "name": "fullscreen-shrink",
      "font_class": "fullscreen-shrink",
      "unicode": "e6ac",
      "unicode_decimal": 59052
    },
    {
      "icon_id": "15838496",
      "name": "layers",
      "font_class": "layers",
      "unicode": "e6ad",
      "unicode_decimal": 59053
    },
    {
      "icon_id": "15838497",
      "name": "lock",
      "font_class": "lock",
      "unicode": "e6ae",
      "unicode_decimal": 59054
    },
    {
      "icon_id": "15838498",
      "name": "fullscreen-expand",
      "font_class": "fullscreen-expand",
      "unicode": "e6af",
      "unicode_decimal": 59055
    },
    {
      "icon_id": "15838499",
      "name": "map",
      "font_class": "map",
      "unicode": "e6b0",
      "unicode_decimal": 59056
    },
    {
      "icon_id": "15838500",
      "name": "meh",
      "font_class": "meh",
      "unicode": "e6b1",
      "unicode_decimal": 59057
    },
    {
      "icon_id": "15838501",
      "name": "menu",
      "font_class": "menu",
      "unicode": "e6b2",
      "unicode_decimal": 59058
    }
  ]
}
